{
    "$schema": "https://schema.management.azure.com/schemas/2019-04-01/deploymentTemplate.json#",
    "contentVersion": "1.0.0.0",
    "parameters": {
        "workflows_StopVM_name": {
            "defaultValue": "StopVM",
            "type": "String"
        },
        "connections_office365_1_externalid": {
            "defaultValue": "/subscriptions/ffc0a339-e17a-45ef-a135-2db67cfd17d4/resourceGroups/StartStopVMsv2/providers/Microsoft.Web/connections/office365-1",
            "type": "String"
        }
    },
    "variables": {},
    "resources": [
        {
            "type": "Microsoft.Logic/workflows",
            "apiVersion": "2017-07-01",
            "name": "[parameters('workflows_StopVM_name')]",
            "location": "uksouth",
            "identity": {
                "type": "SystemAssigned"
            },
            "properties": {
                "state": "Disabled",
                "definition": {
                    "$schema": "https://schema.management.azure.com/providers/Microsoft.Logic/schemas/2016-06-01/workflowdefinition.json#",
                    "contentVersion": "1.0.0.0",
                    "parameters": {
                        "$connections": {
                            "defaultValue": {},
                            "type": "Object"
                        }
                    },
                    "triggers": {
                        "Recurrence": {
                            "recurrence": {
                                "frequency": "Week",
                                "interval": 1,
                                "schedule": {
                                    "hours": [
                                        "17"
                                    ],
                                    "weekDays": [
                                        "Monday",
                                        "Tuesday",
                                        "Wednesday",
                                        "Thursday",
                                        "Friday"
                                    ]
                                },
                                "timeZone": "GMT Standard Time"
                            },
                            "evaluatedRecurrence": {
                                "frequency": "Week",
                                "interval": 1,
                                "schedule": {
                                    "hours": [
                                        "17"
                                    ],
                                    "weekDays": [
                                        "Monday",
                                        "Tuesday",
                                        "Wednesday",
                                        "Thursday",
                                        "Friday"
                                    ]
                                },
                                "timeZone": "GMT Standard Time"
                            },
                            "type": "Recurrence"
                        }
                    },
                    "actions": {
                        "Catch": {
                            "actions": {
                                "Send_an_email_(V2)_2": {
                                    "runAfter": {},
                                    "type": "ApiConnection",
                                    "inputs": {
                                        "body": {
                                            "Body": "<p>FAILED TO POWER OFF: @{variables('EnvironmentName')} - Automated Power Scheduling</p>",
                                            "From": "no.reply@assureddigitaltech.com",
                                            "Importance": "High",
                                            "Subject": "FAILED TO POWER OFF: @{variables('EnvironmentName')} - Automated Power Scheduling",
                                            "To": "Testing@assureddigitaltech.com"
                                        },
                                        "host": {
                                            "connection": {
                                                "name": "@parameters('$connections')['office365_1']['connectionId']"
                                            }
                                        },
                                        "method": "post",
                                        "path": "/v2/Mail"
                                    }
                                },
                                "Terminate": {
                                    "runAfter": {
                                        "Send_an_email_(V2)_2": [
                                            "Succeeded"
                                        ]
                                    },
                                    "type": "Terminate",
                                    "inputs": {
                                        "runError": {
                                            "code": "900",
                                            "message": "FAILED TO POWER OFF: @{variables('EnvironmentName')} - Automated Power Scheduling"
                                        },
                                        "runStatus": "Failed"
                                    }
                                }
                            },
                            "runAfter": {
                                "Try": [
                                    "Failed",
                                    "Skipped",
                                    "TimedOut"
                                ]
                            },
                            "type": "Scope"
                        },
                        "EnvironmentName": {
                            "runAfter": {},
                            "type": "InitializeVariable",
                            "inputs": {
                                "variables": [
                                    {
                                        "name": "EnvironmentName",
                                        "type": "string",
                                        "value": "ADT-Testing"
                                    }
                                ]
                            }
                        },
                        "HTMLTable": {
                            "runAfter": {
                                "VMList": [
                                    "Succeeded"
                                ]
                            },
                            "type": "InitializeVariable",
                            "inputs": {
                                "variables": [
                                    {
                                        "name": "HTMLTable",
                                        "type": "array"
                                    }
                                ]
                            }
                        },
                        "Success": {
                            "actions": {
                                "Create_HTML_table": {
                                    "runAfter": {
                                        "For_each_3": [
                                            "Succeeded"
                                        ]
                                    },
                                    "type": "Table",
                                    "inputs": {
                                        "format": "HTML",
                                        "from": "@variables('HTMLTable')"
                                    }
                                },
                                "For_each_3": {
                                    "foreach": "@variables('VMList')",
                                    "actions": {
                                        "For_each": {
                                            "foreach": "@body('Parse_JSON')?['statuses']",
                                            "actions": {
                                                "Condition": {
                                                    "actions": {
                                                        "Append_to_array_variable": {
                                                            "runAfter": {},
                                                            "type": "AppendToArrayVariable",
                                                            "inputs": {
                                                                "name": "HTMLTable",
                                                                "value": {
                                                                    "VM Name": "@items('For_each_3')",
                                                                    "VM Status": "@items('For_each')?['displayStatus']"
                                                                }
                                                            }
                                                        }
                                                    },
                                                    "runAfter": {},
                                                    "expression": {
                                                        "and": [
                                                            {
                                                                "equals": [
                                                                    "@items('For_each')?['displayStatus']",
                                                                    "VM deallocated"
                                                                ]
                                                            }
                                                        ]
                                                    },
                                                    "type": "If"
                                                }
                                            },
                                            "runAfter": {
                                                "Parse_JSON": [
                                                    "Succeeded"
                                                ]
                                            },
                                            "type": "Foreach"
                                        },
                                        "GetVMStatusHTTP": {
                                            "runAfter": {},
                                            "type": "Http",
                                            "inputs": {
                                                "authentication": {
                                                    "type": "ManagedServiceIdentity"
                                                },
                                                "method": "GET",
                                                "uri": "https://management.azure.com/subscriptions/ffc0a339-e17a-45ef-a135-2db67cfd17d4/resourceGroups/adt-testing/providers/Microsoft.Compute/virtualMachines/@{items('For_each_3')}/instanceView?api-version=2022-08-01"
                                            }
                                        },
                                        "Parse_JSON": {
                                            "runAfter": {
                                                "GetVMStatusHTTP": [
                                                    "Succeeded"
                                                ]
                                            },
                                            "type": "ParseJson",
                                            "inputs": {
                                                "content": "@body('GetVMStatusHTTP')",
                                                "schema": {
                                                    "properties": {
                                                        "computerName": {
                                                            "type": "string"
                                                        },
                                                        "hyperVGeneration": {
                                                            "type": "string"
                                                        },
                                                        "osName": {
                                                            "type": "string"
                                                        },
                                                        "osVersion": {
                                                            "type": "string"
                                                        },
                                                        "statuses": {
                                                            "items": {
                                                                "properties": {
                                                                    "code": {
                                                                        "type": "string"
                                                                    },
                                                                    "displayStatus": {
                                                                        "type": "string"
                                                                    },
                                                                    "level": {
                                                                        "type": "string"
                                                                    }
                                                                },
                                                                "required": [
                                                                    "code",
                                                                    "level",
                                                                    "displayStatus"
                                                                ],
                                                                "type": "object"
                                                            },
                                                            "type": "array"
                                                        },
                                                        "vmAgent": {
                                                            "properties": {
                                                                "vmAgentVersion": {
                                                                    "type": "string"
                                                                }
                                                            },
                                                            "type": "object"
                                                        }
                                                    },
                                                    "type": "object"
                                                }
                                            }
                                        }
                                    },
                                    "runAfter": {},
                                    "type": "Foreach"
                                },
                                "Send_an_email_(V2)": {
                                    "runAfter": {
                                        "Create_HTML_table": [
                                            "Succeeded"
                                        ]
                                    },
                                    "type": "ApiConnection",
                                    "inputs": {
                                        "body": {
                                            "Body": "<p>@{body('Create_HTML_table')}<br>\n</p>",
                                            "From": "no.reply@assureddigitaltech.com",
                                            "Importance": "Normal",
                                            "Subject": "@{variables('EnvironmentName')} - Automated Power Scheduling - Results - Power Off",
                                            "To": "Testing@assureddigitaltech.com"
                                        },
                                        "host": {
                                            "connection": {
                                                "name": "@parameters('$connections')['office365_1']['connectionId']"
                                            }
                                        },
                                        "method": "post",
                                        "path": "/v2/Mail"
                                    }
                                }
                            },
                            "runAfter": {
                                "Try": [
                                    "Succeeded"
                                ]
                            },
                            "type": "Scope"
                        },
                        "Try": {
                            "actions": {
                                "For_each_2": {
                                    "foreach": "@variables('VMList')",
                                    "actions": {
                                        "StopVMHTTP": {
                                            "runAfter": {},
                                            "type": "Http",
                                            "inputs": {
                                                "authentication": {
                                                    "type": "ManagedServiceIdentity"
                                                },
                                                "method": "POST",
                                                "uri": "https://management.azure.com/subscriptions/ffc0a339-e17a-45ef-a135-2db67cfd17d4/resourceGroups/adt-testing/providers/Microsoft.Compute/virtualMachines/@{items('For_each_2')}/deallocate?api-version=2022-08-01"
                                            }
                                        }
                                    },
                                    "runAfter": {},
                                    "type": "Foreach"
                                }
                            },
                            "runAfter": {
                                "HTMLTable": [
                                    "Succeeded"
                                ]
                            },
                            "type": "Scope"
                        },
                        "VMList": {
                            "runAfter": {
                                "EnvironmentName": [
                                    "Succeeded"
                                ]
                            },
                            "type": "InitializeVariable",
                            "inputs": {
                                "variables": [
                                    {
                                        "name": "VMList",
                                        "type": "array",
                                        "value": [
                                            "ADT-TEST1",
                                            "ADT-TEST2",
                                            "ADT-TEST3"
                                        ]
                                    }
                                ]
                            }
                        }
                    },
                    "outputs": {}
                },
                "parameters": {
                    "$connections": {
                        "value": {
                            "office365_1": {
                                "connectionId": "[parameters('connections_office365_1_externalid')]",
                                "connectionName": "office365-1",
                                "id": "/subscriptions/ffc0a339-e17a-45ef-a135-2db67cfd17d4/providers/Microsoft.Web/locations/uksouth/managedApis/office365"
                            }
                        }
                    }
                }
            }
        }
    ]
}